<keymap version="1" name="Eclipse 副本 1" parent="Eclipse">
  <action id="$Copy">
    <keyboard-shortcut first-keystroke="ctrl c" />
  </action>
  <action id="$Cut">
    <keyboard-shortcut first-keystroke="ctrl x" />
  </action>
  <action id="$Paste">
    <keyboard-shortcut first-keystroke="ctrl v" />
  </action>
  <action id="Arrangement.Alias.Rule.Match.Condition.Move.Down" />
  <action id="Arrangement.Alias.Rule.Remove" />
  <action id="Arrangement.Rule.Group.Condition.Move.Down" />
  <action id="Arrangement.Rule.Match.Condition.Move.Down" />
  <action id="Arrangement.Rule.Match.Condition.Move.Up" />
  <action id="Arrangement.Rule.Remove">
    <keyboard-shortcut first-keystroke="delete" />
  </action>
  <action id="Back" />
  <action id="BookmarksView.Delete" />
  <action id="BraceOrQuoteOut" />
  <action id="CallInlineCompletionAction" />
  <action id="CloseActiveTab" />
  <action id="CloseAllEditors">
    <keyboard-shortcut first-keystroke="shift ctrl w" />
  </action>
  <action id="CloseAllEditorsButActive">
    <keyboard-shortcut first-keystroke="ctrl alt w" />
  </action>
  <action id="CloseContent">
    <keyboard-shortcut first-keystroke="ctrl w" />
  </action>
  <action id="CodeCompletion" />
  <action id="CodeFloatingToolbar.GotoNextMenu" />
  <action id="CodeFloatingToolbar.GotoPrevMenu" />
  <action id="CollapseBlock">
    <keyboard-shortcut first-keystroke="ctrl numpad0" />
  </action>
  <action id="CollapseSelection">
    <keyboard-shortcut first-keystroke="ctrl alt numpad0" />
  </action>
  <action id="CompareTwoFiles" />
  <action id="CompileDirty">
    <keyboard-shortcut first-keystroke="shift ctrl s" />
  </action>
  <action id="Console.TableResult.CopyAggregatorResult" />
  <action id="Console.TableResult.DeleteColumns" />
  <action id="Console.TableResult.DeleteRows" />
  <action id="Console.TableResult.NextPage" />
  <action id="Console.TableResult.PreviousPage" />
  <action id="ContextHelp" />
  <action id="CopyAbsolutePath" />
  <action id="CopyPaths" />
  <action id="CopyReference" />
  <action id="DatabaseView.CopyDdlAction">
    <keyboard-shortcut first-keystroke="shift ctrl alt g" />
  </action>
  <action id="DatabaseView.DropAction" />
  <action id="DatabaseView.Tools" />
  <action id="Debugger.RemoveArrayFilter">
    <keyboard-shortcut first-keystroke="delete" />
  </action>
  <action id="Debugger.RemoveCustomField">
    <keyboard-shortcut first-keystroke="delete" />
  </action>
  <action id="DelegateMethods" />
  <action id="DeleteRecentFiles" />
  <action id="Diagram.DeleteSelection" />
  <action id="Diff.PrevChange" />
  <action id="Diff.ShowDiff" />
  <action id="DomCollectionControl.Remove" />
  <action id="EditSource" />
  <action id="EditorAddOrRemoveCaret" />
  <action id="EditorAddRectangularSelectionOnMouseDrag" />
  <action id="EditorBackSpace">
    <keyboard-shortcut first-keystroke="back_space" />
  </action>
  <action id="EditorChooseLookupItemDot" />
  <action id="EditorChooseLookupItemReplace" />
  <action id="EditorCloneCaretBelow">
    <keyboard-shortcut first-keystroke="shift ctrl alt down" />
  </action>
  <action id="EditorCodeBlockEnd" />
  <action id="EditorCodeBlockEndWithSelection" />
  <action id="EditorCodeBlockStart" />
  <action id="EditorCodeBlockStartWithSelection" />
  <action id="EditorContextInfo" />
  <action id="EditorCopy">
    <keyboard-shortcut first-keystroke="ctrl c" />
  </action>
  <action id="EditorCreateRectangularSelection" />
  <action id="EditorCreateRectangularSelectionOnMouseDrag" />
  <action id="EditorCut">
    <keyboard-shortcut first-keystroke="ctrl x" />
  </action>
  <action id="EditorDecreaseFontSizeGlobal">
    <mouse-shortcut keystroke="control button142" />
  </action>
  <action id="EditorDeleteLine">
    <keyboard-shortcut first-keystroke="ctrl back_space" />
    <keyboard-shortcut first-keystroke="ctrl delete" />
    <keyboard-shortcut first-keystroke="ctrl d" />
  </action>
  <action id="EditorDeleteToLineEnd" />
  <action id="EditorDeleteToWordEnd" />
  <action id="EditorDeleteToWordStart" />
  <action id="EditorDuplicate">
    <keyboard-shortcut first-keystroke="ctrl alt down" />
  </action>
  <action id="EditorFocusGutter" />
  <action id="EditorIncreaseFontSizeGlobal" />
  <action id="EditorJoinLines" />
  <action id="EditorLookupUp" />
  <action id="EditorMoveToPageBottomWithSelection" />
  <action id="EditorMoveToPageTopWithSelection" />
  <action id="EditorPaste">
    <keyboard-shortcut first-keystroke="ctrl v" />
  </action>
  <action id="EditorPasteFromX11" />
  <action id="EditorPasteSimple" />
  <action id="EditorScrollDown" />
  <action id="EditorScrollToCenter" />
  <action id="EditorScrollUp" />
  <action id="EditorSelectWord" />
  <action id="EditorShowGutterIconTooltip" />
  <action id="EditorSplitLine" />
  <action id="EditorStartNewLine" />
  <action id="EditorStartNewLineBefore" />
  <action id="EditorTab" />
  <action id="EditorTextEndWithSelection" />
  <action id="EditorTextStartWithSelection" />
  <action id="EditorToggleCase" />
  <action id="EditorToggleColumnMode" />
  <action id="EditorToggleInsertState" />
  <action id="EditorUnSelectWord" />
  <action id="EditorUnindentSelection" />
  <action id="EmmetNextEditPoint" />
  <action id="EmmetPreviousEditPoint" />
  <action id="ExpandAllRegions" />
  <action id="ExpandExpandableComponent" />
  <action id="ExpandRecursively" />
  <action id="ExpandRegionRecursively" />
  <action id="ExternalJavaDoc" />
  <action id="FileChooser.Delete" />
  <action id="FileChooser.GoToParent" />
  <action id="FileChooser.GotoDesktop" />
  <action id="FileChooser.NewFolder" />
  <action id="FindInPath" />
  <action id="FindNext" />
  <action id="FindPrevious" />
  <action id="FindUsages" />
  <action id="FindUsagesInFile" />
  <action id="FindWordAtCaret" />
  <action id="Forward" />
  <action id="Generate" />
  <action id="Git.Stash.Drop" />
  <action id="GotoClass" />
  <action id="GotoCustomRegion">
    <keyboard-shortcut first-keystroke="alt numpad0" />
  </action>
  <action id="GotoFile" />
  <action id="GotoPreviousError" />
  <action id="GotoRow" />
  <action id="GotoSymbol" />
  <action id="GotoUrlAction" />
  <action id="Graph.Delete" />
  <action id="GuiDesigner.DeleteComponent" />
  <action id="GuiDesigner.DeleteGroup" />
  <action id="HighlightUsagesInFile" />
  <action id="HippieBackwardCompletion" />
  <action id="HippieCompletion" />
  <action id="Images.Editor.ToggleGrid" />
  <action id="Images.Thumbnails.UpFolder" />
  <action id="ImplementMethods" />
  <action id="InsertInlineCompletionAction" />
  <action id="InsertInlineCompletionLineAction" />
  <action id="InsertInlineCompletionWordAction" />
  <action id="InsertLiveTemplate" />
  <action id="Jdbc.OpenConsole.New.Generate" />
  <action id="JumpToLastChange" />
  <action id="Kotlin.RunScratch" />
  <action id="List-scrollUp" />
  <action id="List-scrollUpExtendSelection" />
  <action id="List-selectPreviousColumn" />
  <action id="List-selectPreviousColumnExtendSelection" />
  <action id="List-selectPreviousRow" />
  <action id="List-selectPreviousRowExtendSelection" />
  <action id="MethodDown" />
  <action id="MethodOverloadSwitchUp" />
  <action id="MethodUp" />
  <action id="MoveElementLeft" />
  <action id="MoveElementRight" />
  <action id="MoveLineDown">
    <keyboard-shortcut first-keystroke="alt down" />
  </action>
  <action id="MoveLineUp">
    <keyboard-shortcut first-keystroke="alt up" />
  </action>
  <action id="MoveStatementDown" />
  <action id="MoveStatementUp" />
  <action id="NavBar-selectLeft" />
  <action id="NewElementSamePlace">
    <keyboard-shortcut first-keystroke="ctrl alt insert" />
    <keyboard-shortcut first-keystroke="ctrl n" />
  </action>
  <action id="NewScratchFile" />
  <action id="OpenInRightSplit" />
  <action id="PasteMultiple" />
  <action id="PrevInlineCompletionSuggestionAction" />
  <action id="PreviousDiff" />
  <action id="PreviousEditorTab" />
  <action id="PreviousProjectWindow" />
  <action id="PreviousTab" />
  <action id="Print" />
  <action id="PublishGroup.UploadTo" />
  <action id="QuickActionPopup" />
  <action id="QuickChangeScheme" />
  <action id="QuickImplementations" />
  <action id="QuickJavaDoc" />
  <action id="RecentLocations" />
  <action id="Refactorings.QuickListPopupAction" />
  <action id="RemoteHostView.CopyPaths" />
  <action id="RunClass" />
  <action id="RunDashboard.UngroupConfigurations" />
  <action id="SafeDelete" />
  <action id="SearchEverywhere.CompleteCommand" />
  <action id="SearchEverywhere.NavigateToPrevGroup" />
  <action id="SearchEverywhere.NextTab" />
  <action id="SearchEverywhere.PrevTab" />
  <action id="SegmentedButton-left" />
  <action id="SelectAllOccurrences" />
  <action id="SelectNextOccurrence" />
  <action id="SendEOF" />
  <action id="ShowBookmarks" />
  <action id="ShowContent" />
  <action id="ShowErrorDescription" />
  <action id="ShowIntentionActions">
    <keyboard-shortcut first-keystroke="alt enter" />
  </action>
  <action id="ShowPopupMenu" />
  <action id="ShowProjectStructureSettings" />
  <action id="ShowSearchHistory" />
  <action id="ShowSettings" />
  <action id="ShowSettingsAndFindUsages" />
  <action id="ShowUsages" />
  <action id="SmartTypeCompletion" />
  <action id="SplitChooser.NextWindow" />
  <action id="SplitChooser.PreviousWindow" />
  <action id="SplitChooser.SplitTop" />
  <action id="SurroundWith" />
  <action id="SwitcherIterateItems" />
  <action id="SwitcherRecentEditedChangedToggleCheckBox" />
  <action id="Table-scrollUpChangeSelection" />
  <action id="Table-scrollUpExtendSelection" />
  <action id="Table-selectPreviousColumn" />
  <action id="Table-selectPreviousColumnExtendSelection" />
  <action id="Table-selectPreviousRow" />
  <action id="Table-selectPreviousRowExtendSelection" />
  <action id="Terminal.CloseSession" />
  <action id="Terminal.CommandCompletion" />
  <action id="Terminal.DeletePreviousWord" />
  <action id="Terminal.ExpandBlockSelectionAbove" />
  <action id="Terminal.SelectBlockAbove" />
  <action id="TextSearchAction" />
  <action id="ToggleBookmark" />
  <action id="ToggleBookmarkWithMnemonic" />
  <action id="ToggleFindInSelection" />
  <action id="Tree-scrollUpChangeSelection" />
  <action id="Tree-scrollUpExtendSelection" />
  <action id="Tree-selectPrevious" />
  <action id="Tree-selectPreviousExtendSelection" />
  <action id="UnselectPreviousOccurrence" />
  <action id="Unwrap" />
  <action id="UsageFiltering.WriteAccess" />
  <action id="UsageView.Exclude" />
  <action id="UsageView.ShowRecentFindUsages" />
  <action id="Vcs.CombinedDiff.CaretToPrevBlock" />
  <action id="Vcs.QuickListPopupAction" />
  <action id="Vcs.Shelf.Drop" />
  <action id="VcsShowNextChangeMarker" />
  <action id="VcsShowPrevChangeMarker" />
  <action id="ViewNavigationBar" />
  <action id="ViewSource" />
  <action id="WD.UploadCurrentRemoteFileAction" />
  <action id="WelcomeScreen.CopyProjectPath" />
  <action id="WelcomeScreen.RemoveSelected" />
  <action id="XDebugger.RemoveWatch" />
  <action id="XPathView.Actions.Evaluate" />
  <action id="XPathView.Actions.FindByExpression" />
  <action id="XPathView.Actions.ShowPath" />
  <action id="context.load" />
  <action id="context.save" />
  <action id="hg4idea.QDelete" />
  <action id="hg4idea.QFold" />
  <action id="hg4idea.QGotoFromPatches" />
  <action id="org.intellij.plugins.markdown.ui.actions.styling.ToggleCodeSpanAction" />
  <action id="org.intellij.plugins.markdown.ui.actions.styling.ToggleStrikethroughAction" />
  <action id="编辑器Delete">
    <keyboard-shortcut first-keystroke="back_space" />
  </action>
</keymap>