<keymap version="1" name="Eclipse 自定义 1" parent="Eclipse">

    <action id="Arrangement.Rule.Remove">
        <keyboard-shortcut first-keystroke="delete"/>
    </action>
    <action id="CollapseBlock">
        <keyboard-shortcut first-keystroke="ctrl numpad0"/>
    </action>
    <action id="CollapseSelection">
        <keyboard-shortcut first-keystroke="ctrl alt numpad0"/>
    </action>
    <action id="DatabaseView.CopyDdlAction">
        <keyboard-shortcut first-keystroke="shift ctrl alt g"/>
    </action>
    <action id="Debugger.RemoveArrayFilter">
        <keyboard-shortcut first-keystroke="delete"/>
    </action>
    <action id="Debugger.RemoveCustomField">
        <keyboard-shortcut first-keystroke="delete"/>
    </action>

    <action id="EditorDecreaseFontSizeGlobal">
        <mouse-shortcut keystroke="control button142"/>
    </action>

    <action id="GotoCustomRegion">
        <keyboard-shortcut first-keystroke="alt numpad0"/>
    </action>


    <!--region 编辑器-->

    <!--region 删除-->
    <!--退格-->
    <action id="EditorBackSpace">
        <keyboard-shortcut first-keystroke="back_space"/>
    </action>
    <!--删除一行-->
    <action id="EditorDeleteLine">
        <keyboard-shortcut first-keystroke="ctrl back_space"/>
    </action>
    <!--endregion-->
    <!--region 上下整理-->
    <!--上移行-->
    <action id="MoveLineUp">
        <keyboard-shortcut first-keystroke="alt up"/>
    </action>
    <!--下移行-->
    <action id="MoveLineDown">
        <keyboard-shortcut first-keystroke="alt down"/>
    </action>
    <!--下移选区-->
    <action id="EditorDuplicate">
        <keyboard-shortcut first-keystroke="ctrl alt down" />
    </action>

    <!--光标向下克隆-->
    <action id="EditorCloneCaretBelow">
        <keyboard-shortcut first-keystroke="shift ctrl alt down"/>
    </action>
    <!--endregion-->

    <!--region 复制粘贴-->
    <action id="EditorCut">
        <keyboard-shortcut first-keystroke="ctrl x" />
    </action>
    <action id="EditorCopy">
        <keyboard-shortcut first-keystroke="ctrl c" />
    </action>
    <action id="EditorPaste">
        <keyboard-shortcut first-keystroke="ctrl v"/>
    </action>
    <action id="$Copy">
        <keyboard-shortcut first-keystroke="ctrl c"/>
    </action>
    <action id="$Cut">
        <keyboard-shortcut first-keystroke="ctrl x"/>
    </action>
    <action id="$Paste">
        <keyboard-shortcut first-keystroke="ctrl v"/>
    </action>

    <!--endregion-->

    <!--region 打开提示-->
    <action id="ShowIntentionActions">
        <keyboard-shortcut first-keystroke="alt enter"/>
    </action>
    <!--endregion-->

    <!--endregion-->

    <!--region 关闭标签页-->
    <!--关闭所有标签页-->
    <action id="CloseAllEditors">
        <keyboard-shortcut first-keystroke="shift ctrl w"/>
    </action>
    <!--关闭其它标签页-->
    <action id="CloseAllEditorsButActive">
        <keyboard-shortcut first-keystroke="ctrl alt w"/>
    </action>
    <!--关闭当前标签页-->
    <action id="CloseContent">
        <keyboard-shortcut first-keystroke="ctrl w"/>
    </action>
    <!--endregion-->

    <!--region 其它-->
    <!--新建-->
    <action id="NewElementSamePlace">
        <keyboard-shortcut first-keystroke="ctrl n"/>
    </action>
    <!--打开菜单-->
    <action id="ShowPopupMenu">
        <keyboard-shortcut first-keystroke="ctrl back_quote"/>
    </action>
    <!--构建编译项目-->
    <action id="CompileDirty">
        <keyboard-shortcut first-keystroke="shift ctrl s"/>
    </action>
    <!--endregion-->

    <!--region 未使用-->
    <action id="Arrangement.Alias.Rule.Match.Condition.Move.Down"/>
    <action id="Arrangement.Rule.Group.Condition.Move.Down"/>
    <action id="Arrangement.Rule.Match.Condition.Move.Down"/>
    <action id="Console.TableResult.NextPage"/>
    <action id="EditorDuplicateLines"/>
    <action id="FileChooser.NewFolder"/>
    <action id="Kotlin.RunScratch"/>
    <action id="CloseActiveTab"/>
    <action id="ShowContent"/>
    <action id="ShowSearchHistory"/>
    <action id="Terminal.DeletePreviousWord"/>
    <action id="UsageFiltering.WriteAccess"/>
    <action id="UsageView.ShowRecentFindUsages"/>
    <action id="VcsShowNextChangeMarker"/>
    <action id="org.intellij.plugins.markdown.ui.actions.styling.ToggleStrikethroughAction"/>
    <!--endregion-->
</keymap>