<application>
  <component name="ProjectJdkTable">
    <jdk version="2">
      <name value="23" />
      <type value="JavaSDK" />
      <version value="Oracle OpenJDK 23" />
      <homePath value="$USER_HOME$/.jdks/openjdk-23" />
      <roots>
        <annotationsPath>
          <root type="composite">
            <root url="jar://$APPLICATION_HOME_DIR$/plugins/java/lib/resources/jdkAnnotations.jar!/" type="simple" />
          </root>
        </annotationsPath>
        <classPath>
          <root type="composite">
            <root url="jrt://$USER_HOME$/.jdks/openjdk-23!/java.base" type="simple" />
            <root url="jrt://$USER_HOME$/.jdks/openjdk-23!/java.compiler" type="simple" />
            <root url="jrt://$USER_HOME$/.jdks/openjdk-23!/java.datatransfer" type="simple" />
            <root url="jrt://$USER_HOME$/.jdks/openjdk-23!/java.desktop" type="simple" />
            <root url="jrt://$USER_HOME$/.jdks/openjdk-23!/java.instrument" type="simple" />
            <root url="jrt://$USER_HOME$/.jdks/openjdk-23!/java.logging" type="simple" />
            <root url="jrt://$USER_HOME$/.jdks/openjdk-23!/java.management" type="simple" />
            <root url="jrt://$USER_HOME$/.jdks/openjdk-23!/java.management.rmi" type="simple" />
            <root url="jrt://$USER_HOME$/.jdks/openjdk-23!/java.naming" type="simple" />
            <root url="jrt://$USER_HOME$/.jdks/openjdk-23!/java.net.http" type="simple" />
            <root url="jrt://$USER_HOME$/.jdks/openjdk-23!/java.prefs" type="simple" />
            <root url="jrt://$USER_HOME$/.jdks/openjdk-23!/java.rmi" type="simple" />
            <root url="jrt://$USER_HOME$/.jdks/openjdk-23!/java.scripting" type="simple" />
            <root url="jrt://$USER_HOME$/.jdks/openjdk-23!/java.se" type="simple" />
            <root url="jrt://$USER_HOME$/.jdks/openjdk-23!/java.security.jgss" type="simple" />
            <root url="jrt://$USER_HOME$/.jdks/openjdk-23!/java.security.sasl" type="simple" />
            <root url="jrt://$USER_HOME$/.jdks/openjdk-23!/java.smartcardio" type="simple" />
            <root url="jrt://$USER_HOME$/.jdks/openjdk-23!/java.sql" type="simple" />
            <root url="jrt://$USER_HOME$/.jdks/openjdk-23!/java.sql.rowset" type="simple" />
            <root url="jrt://$USER_HOME$/.jdks/openjdk-23!/java.transaction.xa" type="simple" />
            <root url="jrt://$USER_HOME$/.jdks/openjdk-23!/java.xml" type="simple" />
            <root url="jrt://$USER_HOME$/.jdks/openjdk-23!/java.xml.crypto" type="simple" />
            <root url="jrt://$USER_HOME$/.jdks/openjdk-23!/jdk.accessibility" type="simple" />
            <root url="jrt://$USER_HOME$/.jdks/openjdk-23!/jdk.attach" type="simple" />
            <root url="jrt://$USER_HOME$/.jdks/openjdk-23!/jdk.charsets" type="simple" />
            <root url="jrt://$USER_HOME$/.jdks/openjdk-23!/jdk.compiler" type="simple" />
            <root url="jrt://$USER_HOME$/.jdks/openjdk-23!/jdk.crypto.cryptoki" type="simple" />
            <root url="jrt://$USER_HOME$/.jdks/openjdk-23!/jdk.crypto.ec" type="simple" />
            <root url="jrt://$USER_HOME$/.jdks/openjdk-23!/jdk.crypto.mscapi" type="simple" />
            <root url="jrt://$USER_HOME$/.jdks/openjdk-23!/jdk.dynalink" type="simple" />
            <root url="jrt://$USER_HOME$/.jdks/openjdk-23!/jdk.editpad" type="simple" />
            <root url="jrt://$USER_HOME$/.jdks/openjdk-23!/jdk.graal.compiler" type="simple" />
            <root url="jrt://$USER_HOME$/.jdks/openjdk-23!/jdk.graal.compiler.management" type="simple" />
            <root url="jrt://$USER_HOME$/.jdks/openjdk-23!/jdk.hotspot.agent" type="simple" />
            <root url="jrt://$USER_HOME$/.jdks/openjdk-23!/jdk.httpserver" type="simple" />
            <root url="jrt://$USER_HOME$/.jdks/openjdk-23!/jdk.incubator.vector" type="simple" />
            <root url="jrt://$USER_HOME$/.jdks/openjdk-23!/jdk.internal.ed" type="simple" />
            <root url="jrt://$USER_HOME$/.jdks/openjdk-23!/jdk.internal.jvmstat" type="simple" />
            <root url="jrt://$USER_HOME$/.jdks/openjdk-23!/jdk.internal.le" type="simple" />
            <root url="jrt://$USER_HOME$/.jdks/openjdk-23!/jdk.internal.md" type="simple" />
            <root url="jrt://$USER_HOME$/.jdks/openjdk-23!/jdk.internal.opt" type="simple" />
            <root url="jrt://$USER_HOME$/.jdks/openjdk-23!/jdk.internal.vm.ci" type="simple" />
            <root url="jrt://$USER_HOME$/.jdks/openjdk-23!/jdk.jartool" type="simple" />
            <root url="jrt://$USER_HOME$/.jdks/openjdk-23!/jdk.javadoc" type="simple" />
            <root url="jrt://$USER_HOME$/.jdks/openjdk-23!/jdk.jcmd" type="simple" />
            <root url="jrt://$USER_HOME$/.jdks/openjdk-23!/jdk.jconsole" type="simple" />
            <root url="jrt://$USER_HOME$/.jdks/openjdk-23!/jdk.jdeps" type="simple" />
            <root url="jrt://$USER_HOME$/.jdks/openjdk-23!/jdk.jdi" type="simple" />
            <root url="jrt://$USER_HOME$/.jdks/openjdk-23!/jdk.jdwp.agent" type="simple" />
            <root url="jrt://$USER_HOME$/.jdks/openjdk-23!/jdk.jfr" type="simple" />
            <root url="jrt://$USER_HOME$/.jdks/openjdk-23!/jdk.jlink" type="simple" />
            <root url="jrt://$USER_HOME$/.jdks/openjdk-23!/jdk.jpackage" type="simple" />
            <root url="jrt://$USER_HOME$/.jdks/openjdk-23!/jdk.jshell" type="simple" />
            <root url="jrt://$USER_HOME$/.jdks/openjdk-23!/jdk.jsobject" type="simple" />
            <root url="jrt://$USER_HOME$/.jdks/openjdk-23!/jdk.jstatd" type="simple" />
            <root url="jrt://$USER_HOME$/.jdks/openjdk-23!/jdk.localedata" type="simple" />
            <root url="jrt://$USER_HOME$/.jdks/openjdk-23!/jdk.management" type="simple" />
            <root url="jrt://$USER_HOME$/.jdks/openjdk-23!/jdk.management.agent" type="simple" />
            <root url="jrt://$USER_HOME$/.jdks/openjdk-23!/jdk.management.jfr" type="simple" />
            <root url="jrt://$USER_HOME$/.jdks/openjdk-23!/jdk.naming.dns" type="simple" />
            <root url="jrt://$USER_HOME$/.jdks/openjdk-23!/jdk.naming.rmi" type="simple" />
            <root url="jrt://$USER_HOME$/.jdks/openjdk-23!/jdk.net" type="simple" />
            <root url="jrt://$USER_HOME$/.jdks/openjdk-23!/jdk.nio.mapmode" type="simple" />
            <root url="jrt://$USER_HOME$/.jdks/openjdk-23!/jdk.sctp" type="simple" />
            <root url="jrt://$USER_HOME$/.jdks/openjdk-23!/jdk.security.auth" type="simple" />
            <root url="jrt://$USER_HOME$/.jdks/openjdk-23!/jdk.security.jgss" type="simple" />
            <root url="jrt://$USER_HOME$/.jdks/openjdk-23!/jdk.unsupported" type="simple" />
            <root url="jrt://$USER_HOME$/.jdks/openjdk-23!/jdk.unsupported.desktop" type="simple" />
            <root url="jrt://$USER_HOME$/.jdks/openjdk-23!/jdk.xml.dom" type="simple" />
            <root url="jrt://$USER_HOME$/.jdks/openjdk-23!/jdk.zipfs" type="simple" />
          </root>
        </classPath>
        <javadocPath>
          <root type="composite" />
        </javadocPath>
        <sourcePath>
          <root type="composite">
            <root url="jar://$USER_HOME$/.jdks/openjdk-23/lib/src.zip!/java.se" type="simple" />
            <root url="jar://$USER_HOME$/.jdks/openjdk-23/lib/src.zip!/jdk.jdi" type="simple" />
            <root url="jar://$USER_HOME$/.jdks/openjdk-23/lib/src.zip!/jdk.jfr" type="simple" />
            <root url="jar://$USER_HOME$/.jdks/openjdk-23/lib/src.zip!/jdk.net" type="simple" />
            <root url="jar://$USER_HOME$/.jdks/openjdk-23/lib/src.zip!/java.rmi" type="simple" />
            <root url="jar://$USER_HOME$/.jdks/openjdk-23/lib/src.zip!/java.sql" type="simple" />
            <root url="jar://$USER_HOME$/.jdks/openjdk-23/lib/src.zip!/java.xml" type="simple" />
            <root url="jar://$USER_HOME$/.jdks/openjdk-23/lib/src.zip!/jdk.jcmd" type="simple" />
            <root url="jar://$USER_HOME$/.jdks/openjdk-23/lib/src.zip!/jdk.sctp" type="simple" />
            <root url="jar://$USER_HOME$/.jdks/openjdk-23/lib/src.zip!/java.base" type="simple" />
            <root url="jar://$USER_HOME$/.jdks/openjdk-23/lib/src.zip!/jdk.jdeps" type="simple" />
            <root url="jar://$USER_HOME$/.jdks/openjdk-23/lib/src.zip!/jdk.jlink" type="simple" />
            <root url="jar://$USER_HOME$/.jdks/openjdk-23/lib/src.zip!/jdk.zipfs" type="simple" />
            <root url="jar://$USER_HOME$/.jdks/openjdk-23/lib/src.zip!/java.prefs" type="simple" />
            <root url="jar://$USER_HOME$/.jdks/openjdk-23/lib/src.zip!/jdk.attach" type="simple" />
            <root url="jar://$USER_HOME$/.jdks/openjdk-23/lib/src.zip!/jdk.jshell" type="simple" />
            <root url="jar://$USER_HOME$/.jdks/openjdk-23/lib/src.zip!/jdk.jstatd" type="simple" />
            <root url="jar://$USER_HOME$/.jdks/openjdk-23/lib/src.zip!/java.naming" type="simple" />
            <root url="jar://$USER_HOME$/.jdks/openjdk-23/lib/src.zip!/jdk.editpad" type="simple" />
            <root url="jar://$USER_HOME$/.jdks/openjdk-23/lib/src.zip!/jdk.jartool" type="simple" />
            <root url="jar://$USER_HOME$/.jdks/openjdk-23/lib/src.zip!/jdk.javadoc" type="simple" />
            <root url="jar://$USER_HOME$/.jdks/openjdk-23/lib/src.zip!/jdk.xml.dom" type="simple" />
            <root url="jar://$USER_HOME$/.jdks/openjdk-23/lib/src.zip!/java.desktop" type="simple" />
            <root url="jar://$USER_HOME$/.jdks/openjdk-23/lib/src.zip!/java.logging" type="simple" />
            <root url="jar://$USER_HOME$/.jdks/openjdk-23/lib/src.zip!/jdk.charsets" type="simple" />
            <root url="jar://$USER_HOME$/.jdks/openjdk-23/lib/src.zip!/jdk.compiler" type="simple" />
            <root url="jar://$USER_HOME$/.jdks/openjdk-23/lib/src.zip!/jdk.dynalink" type="simple" />
            <root url="jar://$USER_HOME$/.jdks/openjdk-23/lib/src.zip!/jdk.jconsole" type="simple" />
            <root url="jar://$USER_HOME$/.jdks/openjdk-23/lib/src.zip!/jdk.jpackage" type="simple" />
            <root url="jar://$USER_HOME$/.jdks/openjdk-23/lib/src.zip!/jdk.jsobject" type="simple" />
            <root url="jar://$USER_HOME$/.jdks/openjdk-23/lib/src.zip!/java.compiler" type="simple" />
            <root url="jar://$USER_HOME$/.jdks/openjdk-23/lib/src.zip!/java.net.http" type="simple" />
            <root url="jar://$USER_HOME$/.jdks/openjdk-23/lib/src.zip!/jdk.crypto.ec" type="simple" />
            <root url="jar://$USER_HOME$/.jdks/openjdk-23/lib/src.zip!/java.scripting" type="simple" />
            <root url="jar://$USER_HOME$/.jdks/openjdk-23/lib/src.zip!/jdk.httpserver" type="simple" />
            <root url="jar://$USER_HOME$/.jdks/openjdk-23/lib/src.zip!/jdk.jdwp.agent" type="simple" />
            <root url="jar://$USER_HOME$/.jdks/openjdk-23/lib/src.zip!/jdk.localedata" type="simple" />
            <root url="jar://$USER_HOME$/.jdks/openjdk-23/lib/src.zip!/jdk.management" type="simple" />
            <root url="jar://$USER_HOME$/.jdks/openjdk-23/lib/src.zip!/jdk.naming.dns" type="simple" />
            <root url="jar://$USER_HOME$/.jdks/openjdk-23/lib/src.zip!/jdk.naming.rmi" type="simple" />
            <root url="jar://$USER_HOME$/.jdks/openjdk-23/lib/src.zip!/java.instrument" type="simple" />
            <root url="jar://$USER_HOME$/.jdks/openjdk-23/lib/src.zip!/java.management" type="simple" />
            <root url="jar://$USER_HOME$/.jdks/openjdk-23/lib/src.zip!/java.sql.rowset" type="simple" />
            <root url="jar://$USER_HOME$/.jdks/openjdk-23/lib/src.zip!/java.xml.crypto" type="simple" />
            <root url="jar://$USER_HOME$/.jdks/openjdk-23/lib/src.zip!/jdk.internal.ed" type="simple" />
            <root url="jar://$USER_HOME$/.jdks/openjdk-23/lib/src.zip!/jdk.internal.le" type="simple" />
            <root url="jar://$USER_HOME$/.jdks/openjdk-23/lib/src.zip!/jdk.internal.md" type="simple" />
            <root url="jar://$USER_HOME$/.jdks/openjdk-23/lib/src.zip!/jdk.nio.mapmode" type="simple" />
            <root url="jar://$USER_HOME$/.jdks/openjdk-23/lib/src.zip!/jdk.unsupported" type="simple" />
            <root url="jar://$USER_HOME$/.jdks/openjdk-23/lib/src.zip!/java.smartcardio" type="simple" />
            <root url="jar://$USER_HOME$/.jdks/openjdk-23/lib/src.zip!/jdk.internal.opt" type="simple" />
            <root url="jar://$USER_HOME$/.jdks/openjdk-23/lib/src.zip!/java.datatransfer" type="simple" />
            <root url="jar://$USER_HOME$/.jdks/openjdk-23/lib/src.zip!/jdk.accessibility" type="simple" />
            <root url="jar://$USER_HOME$/.jdks/openjdk-23/lib/src.zip!/jdk.crypto.mscapi" type="simple" />
            <root url="jar://$USER_HOME$/.jdks/openjdk-23/lib/src.zip!/jdk.hotspot.agent" type="simple" />
            <root url="jar://$USER_HOME$/.jdks/openjdk-23/lib/src.zip!/jdk.security.auth" type="simple" />
            <root url="jar://$USER_HOME$/.jdks/openjdk-23/lib/src.zip!/jdk.security.jgss" type="simple" />
            <root url="jar://$USER_HOME$/.jdks/openjdk-23/lib/src.zip!/java.security.jgss" type="simple" />
            <root url="jar://$USER_HOME$/.jdks/openjdk-23/lib/src.zip!/java.security.sasl" type="simple" />
            <root url="jar://$USER_HOME$/.jdks/openjdk-23/lib/src.zip!/jdk.graal.compiler" type="simple" />
            <root url="jar://$USER_HOME$/.jdks/openjdk-23/lib/src.zip!/jdk.internal.vm.ci" type="simple" />
            <root url="jar://$USER_HOME$/.jdks/openjdk-23/lib/src.zip!/jdk.management.jfr" type="simple" />
            <root url="jar://$USER_HOME$/.jdks/openjdk-23/lib/src.zip!/java.management.rmi" type="simple" />
            <root url="jar://$USER_HOME$/.jdks/openjdk-23/lib/src.zip!/java.transaction.xa" type="simple" />
            <root url="jar://$USER_HOME$/.jdks/openjdk-23/lib/src.zip!/jdk.crypto.cryptoki" type="simple" />
            <root url="jar://$USER_HOME$/.jdks/openjdk-23/lib/src.zip!/jdk.incubator.vector" type="simple" />
            <root url="jar://$USER_HOME$/.jdks/openjdk-23/lib/src.zip!/jdk.internal.jvmstat" type="simple" />
            <root url="jar://$USER_HOME$/.jdks/openjdk-23/lib/src.zip!/jdk.management.agent" type="simple" />
            <root url="jar://$USER_HOME$/.jdks/openjdk-23/lib/src.zip!/jdk.unsupported.desktop" type="simple" />
            <root url="jar://$USER_HOME$/.jdks/openjdk-23/lib/src.zip!/jdk.graal.compiler.management" type="simple" />
          </root>
        </sourcePath>
      </roots>
    </jdk>
    <jdk version="2">
      <name value="corretto-1.8" />
      <type value="JavaSDK" />
      <version value="Amazon Corretto 1.8.0_432" />
      <homePath value="$USER_HOME$/.jdks/corretto-1.8.0_432" />
      <roots>
        <annotationsPath>
          <root type="composite">
            <root url="jar://$APPLICATION_HOME_DIR$/plugins/java/lib/resources/jdkAnnotations.jar!/" type="simple" />
          </root>
        </annotationsPath>
        <classPath>
          <root type="composite">
            <root url="jar://$USER_HOME$/.jdks/corretto-1.8.0_432/jre/lib/charsets.jar!/" type="simple" />
            <root url="jar://$USER_HOME$/.jdks/corretto-1.8.0_432/jre/lib/ext/access-bridge-64.jar!/" type="simple" />
            <root url="jar://$USER_HOME$/.jdks/corretto-1.8.0_432/jre/lib/ext/cldrdata.jar!/" type="simple" />
            <root url="jar://$USER_HOME$/.jdks/corretto-1.8.0_432/jre/lib/ext/dnsns.jar!/" type="simple" />
            <root url="jar://$USER_HOME$/.jdks/corretto-1.8.0_432/jre/lib/ext/jaccess.jar!/" type="simple" />
            <root url="jar://$USER_HOME$/.jdks/corretto-1.8.0_432/jre/lib/ext/jfxrt.jar!/" type="simple" />
            <root url="jar://$USER_HOME$/.jdks/corretto-1.8.0_432/jre/lib/ext/localedata.jar!/" type="simple" />
            <root url="jar://$USER_HOME$/.jdks/corretto-1.8.0_432/jre/lib/ext/nashorn.jar!/" type="simple" />
            <root url="jar://$USER_HOME$/.jdks/corretto-1.8.0_432/jre/lib/ext/sunec.jar!/" type="simple" />
            <root url="jar://$USER_HOME$/.jdks/corretto-1.8.0_432/jre/lib/ext/sunjce_provider.jar!/" type="simple" />
            <root url="jar://$USER_HOME$/.jdks/corretto-1.8.0_432/jre/lib/ext/sunmscapi.jar!/" type="simple" />
            <root url="jar://$USER_HOME$/.jdks/corretto-1.8.0_432/jre/lib/ext/sunpkcs11.jar!/" type="simple" />
            <root url="jar://$USER_HOME$/.jdks/corretto-1.8.0_432/jre/lib/ext/zipfs.jar!/" type="simple" />
            <root url="jar://$USER_HOME$/.jdks/corretto-1.8.0_432/jre/lib/jce.jar!/" type="simple" />
            <root url="jar://$USER_HOME$/.jdks/corretto-1.8.0_432/jre/lib/jfr.jar!/" type="simple" />
            <root url="jar://$USER_HOME$/.jdks/corretto-1.8.0_432/jre/lib/jfxswt.jar!/" type="simple" />
            <root url="jar://$USER_HOME$/.jdks/corretto-1.8.0_432/jre/lib/jsse.jar!/" type="simple" />
            <root url="jar://$USER_HOME$/.jdks/corretto-1.8.0_432/jre/lib/management-agent.jar!/" type="simple" />
            <root url="jar://$USER_HOME$/.jdks/corretto-1.8.0_432/jre/lib/resources.jar!/" type="simple" />
            <root url="jar://$USER_HOME$/.jdks/corretto-1.8.0_432/jre/lib/rt.jar!/" type="simple" />
          </root>
        </classPath>
        <javadocPath>
          <root type="composite" />
        </javadocPath>
        <sourcePath>
          <root type="composite">
            <root url="jar://$USER_HOME$/.jdks/corretto-1.8.0_432/src.zip!/" type="simple" />
            <root url="jar://$USER_HOME$/.jdks/corretto-1.8.0_432/javafx-src.zip!/" type="simple" />
          </root>
        </sourcePath>
      </roots>
    </jdk>
    <jdk version="2">
      <name value="azul-1.8" />
      <type value="JavaSDK" />
      <version value="java version &quot;1.8.0_432&quot;" />
      <homePath value="$USER_HOME$/.jdks/azul-1.8.0_432" />
      <roots>
        <annotationsPath>
          <root type="composite">
            <root url="jar://$APPLICATION_HOME_DIR$/plugins/java/lib/resources/jdkAnnotations.jar!/" type="simple" />
          </root>
        </annotationsPath>
        <classPath>
          <root type="composite">
            <root url="jar://$USER_HOME$/.jdks/azul-1.8.0_432/jre/lib/cat.jar!/" type="simple" />
            <root url="jar://$USER_HOME$/.jdks/azul-1.8.0_432/jre/lib/charsets.jar!/" type="simple" />
            <root url="jar://$USER_HOME$/.jdks/azul-1.8.0_432/jre/lib/ext/access-bridge-64.jar!/" type="simple" />
            <root url="jar://$USER_HOME$/.jdks/azul-1.8.0_432/jre/lib/ext/cldrdata.jar!/" type="simple" />
            <root url="jar://$USER_HOME$/.jdks/azul-1.8.0_432/jre/lib/ext/crs-agent.jar!/" type="simple" />
            <root url="jar://$USER_HOME$/.jdks/azul-1.8.0_432/jre/lib/ext/dnsns.jar!/" type="simple" />
            <root url="jar://$USER_HOME$/.jdks/azul-1.8.0_432/jre/lib/ext/jaccess.jar!/" type="simple" />
            <root url="jar://$USER_HOME$/.jdks/azul-1.8.0_432/jre/lib/ext/localedata.jar!/" type="simple" />
            <root url="jar://$USER_HOME$/.jdks/azul-1.8.0_432/jre/lib/ext/nashorn.jar!/" type="simple" />
            <root url="jar://$USER_HOME$/.jdks/azul-1.8.0_432/jre/lib/ext/sunec.jar!/" type="simple" />
            <root url="jar://$USER_HOME$/.jdks/azul-1.8.0_432/jre/lib/ext/sunjce_provider.jar!/" type="simple" />
            <root url="jar://$USER_HOME$/.jdks/azul-1.8.0_432/jre/lib/ext/sunmscapi.jar!/" type="simple" />
            <root url="jar://$USER_HOME$/.jdks/azul-1.8.0_432/jre/lib/ext/sunpkcs11.jar!/" type="simple" />
            <root url="jar://$USER_HOME$/.jdks/azul-1.8.0_432/jre/lib/ext/zipfs.jar!/" type="simple" />
            <root url="jar://$USER_HOME$/.jdks/azul-1.8.0_432/jre/lib/jce.jar!/" type="simple" />
            <root url="jar://$USER_HOME$/.jdks/azul-1.8.0_432/jre/lib/jfr.jar!/" type="simple" />
            <root url="jar://$USER_HOME$/.jdks/azul-1.8.0_432/jre/lib/jsse.jar!/" type="simple" />
            <root url="jar://$USER_HOME$/.jdks/azul-1.8.0_432/jre/lib/management-agent.jar!/" type="simple" />
            <root url="jar://$USER_HOME$/.jdks/azul-1.8.0_432/jre/lib/resources.jar!/" type="simple" />
            <root url="jar://$USER_HOME$/.jdks/azul-1.8.0_432/jre/lib/rt.jar!/" type="simple" />
          </root>
        </classPath>
        <javadocPath>
          <root type="composite" />
        </javadocPath>
        <sourcePath>
          <root type="composite">
            <root url="jar://$USER_HOME$/.jdks/azul-1.8.0_432/src.zip!/" type="simple" />
          </root>
        </sourcePath>
      </roots>
    </jdk>
  </component>
</application>