<application>
  <component name="PostfixTemplates">
    <template id="sout" key=".sys" provider="builtin.java" builtin="sout" language-level="1.3" topmost="true">
      <conditions>
        <condition id="non void" />
      </conditions>
      <template name="fakeKey" value="System.out.println($EXPR$);$END$" description="" toReformat="true" toShortenFQNames="true" />
    </template>
    <template id="ff@userDefined" key=".ff" provider="builtin.java" language-level="1.3" topmost="false">
      <conditions>
        <condition id="void" />
      </conditions>
      <template name="fakeKey" value="/**&#10; * &#10; */&#10;public void $EXPR$(){&#10;    &#10;}" description="" toReformat="true" toShortenFQNames="true" />
    </template>
  </component>
</application>