<application>
  <component name="DimensionService">
    <location key="find.popup.0.0.1920.1080@120dpi" x="665" y="40" />
    <size key="GridCell.Tab.0.left.0.0.1920.1080@120dpi" width="1838" height="538" />
    <size key="GridCell.Tab.0.center.0.0.1920.1080@120dpi" width="1838" height="538" />
    <size key="GridCell.Tab.0.right.0.0.1920.1080@120dpi" width="1838" height="538" />
    <size key="GridCell.Tab.0.bottom.0.0.1920.1080@120dpi" width="1838" height="538" />
    <size key="find.popup.0.0.1920.1080@120dpi" width="817" height="990" />
  </component>
  <component name="WindowManager">
    <frame x="-9" y="-9" width="1938" height="1048" extendedState="6" />
  </component>
  <component name="WindowStateApplicationService">
    <state x="549" y="130" key="FileChooserDialogImpl" timestamp="1729779344913">
      <screen x="0" y="0" width="1536" height="824" />
    </state>
    <state x="549" y="130" key="FileChooserDialogImpl/0.0.1536.824" timestamp="1729779344913" />
    <state width="571" height="95" key="ShowUsagesActions.dimensionServiceKey" timestamp="1729893176822">
      <screen x="0" y="0" width="1536" height="824" />
    </state>
    <state width="571" height="95" key="ShowUsagesActions.dimensionServiceKey/0.0.1536.824" timestamp="1729893176822" />
    <state x="768" y="383" width="800" height="650" key="WELCOME_SCREEN" timestamp="1729779325326">
      <screen x="0" y="0" width="1536" height="824" />
    </state>
    <state x="768" y="383" width="800" height="650" key="WELCOME_SCREEN/0.0.1536.824" timestamp="1729779325326" />
  </component>
</application>